,Date,A - B,A - C,A - D,A - E,A - F,A - G,A - H,B - C,B - D,B - E,B - F,B - G,B - H,C - D,C - E,C - F,C - G,C - H,D - E,D - F,D - G,D - H,E - F,E - G,E - H,F - G,F - H,G - H
29,13/01/2021,0,0,0,0,0,0,0,0,0,0,0,0,0,0,0,0,0,0,0,0,0,0,0,0,0,0,0,0
30,14/01/2021,0,0,0,0,0,0,0,0,0,0,0,0,0,0,0,0,0,0,0,0,0,0,0,0,0,0,0,0
31,15/01/2021,0,0,0,0,0,0,0,0,0,0,0,0,0,0,0,0,0,0,0,0,0,0,0,0,0,0,0,0
32,19/01/2021,0,0,0,0,0,0,0,0,1,0,0,0,0,0,0,0,0,0,0,0,0,0,0,0,0,0,0,0
33,20/01/2021,-1,0,0,0,0,0,-1,0,1,0,0,0,0,0,0,0,0,-1,0,0,0,-1,0,0,-1,0,0,0
34,21/01/2021,-1,0,0,0,-1,-1,-1,0,0,0,0,0,0,0,0,0,0,0,0,-1,-1,0,0,0,0,0,0,0
35,22/01/2021,-1,0,0,0,0,-1,0,0,0,0,0,0,0,0,-1,0,0,0,0,0,-1,0,0,0,0,0,0,0
36,25/01/2021,-1,0,0,-1,0,-1,0,0,1,0,0,0,0,0,-1,0,-1,0,-1,0,-1,0,0,0,0,0,0,0
37,26/01/2021,-1,0,0,-1,0,-1,0,0,1,0,0,0,0,0,-1,0,-1,0,-1,0,-1,-1,0,0,0,0,0,0
38,27/01/2021,-1,0,0,0,0,-1,0,0,1,0,0,0,0,1,0,0,-1,0,-1,0,-1,0,0,0,0,0,0,0
39,28/01/2021,0,0,1,0,0,0,0,0,1,0,0,0,0,1,0,0,0,0,-1,0,-1,0,0,0,0,0,0,0
40,29/01/2021,0,0,1,0,0,0,0,0,0,0,0,0,0,1,0,0,0,0,-1,-1,-1,0,0,0,0,0,0,0
41,1/02/2021,0,0,0,0,0,0,0,0,0,0,0,0,0,0,0,0,0,0,0,0,0,0,0,0,0,0,0,0
42,2/02/2021,0,0,0,0,0,0,0,0,0,0,0,0,0,0,0,0,0,0,0,0,0,0,0,0,0,0,0,0
43,3/02/2021,0,0,1,0,0,0,0,0,0,0,0,0,0,0,0,0,0,0,0,0,0,0,0,0,0,0,0,0
44,4/02/2021,0,0,1,0,0,0,0,0,0,-1,0,-1,0,0,0,0,0,0,0,0,0,0,0,0,0,0,0,0
45,5/02/2021,0,0,0,0,0,0,0,0,0,-1,0,0,0,0,-1,0,0,0,0,0,0,0,0,0,0,0,0,0
46,8/02/2021,0,0,1,0,0,0,0,0,0,0,0,0,-1,0,0,0,0,0,0,0,0,0,0,0,0,0,-1,0
47,9/02/2021,0,0,0,0,0,0,0,0,0,0,1,0,0,0,0,0,0,0,0,0,0,0,0,0,0,0,-1,-1
48,10/02/2021,0,0,0,0,0,0,0,0,0,0,1,0,0,0,0,1,0,0,0,0,0,0,0,0,0,-1,-1,0
49,11/02/2021,0,0,0,0,0,0,0,0,0,0,0,0,0,0,0,1,0,0,0,0,0,0,0,0,0,0,0,0
50,12/02/2021,0,0,0,0,0,0,0,0,0,0,0,0,0,0,0,0,0,0,0,0,0,0,0,1,0,0,0,0
51,16/02/2021,0,0,0,0,0,0,0,0,0,0,0,0,0,0,0,0,0,0,0,0,0,0,0,1,0,0,0,0
52,17/02/2021,0,0,0,0,0,0,0,0,0,0,0,0,0,0,0,0,0,0,0,0,0,0,0,1,0,0,0,0
53,18/02/2021,0,0,0,0,0,0,0,0,0,0,0,0,0,0,0,0,0,0,0,0,0,0,0,0,0,0,0,0
54,19/02/2021,0,0,0,0,0,0,0,0,0,0,0,0,0,0,0,1,0,0,0,0,0,0,0,0,0,0,0,0
55,22/02/2021,0,0,0,0,0,0,0,0,0,0,1,0,0,0,0,1,0,0,0,0,0,0,0,0,0,0,0,0
56,23/02/2021,0,0,0,0,0,0,0,0,0,0,0,0,0,0,0,1,0,0,0,0,0,0,0,0,0,0,0,0
57,24/02/2021,0,0,0,0,0,0,0,0,0,0,1,0,0,0,0,1,0,0,0,1,0,0,0,0,-1,0,-1,-1
58,25/02/2021,0,0,0,0,0,0,0,0,0,0,1,1,0,0,0,1,0,0,0,1,0,0,0,0,-1,0,0,0
59,26/02/2021,0,0,0,1,0,1,0,0,0,1,0,1,0,0,1,0,1,0,1,0,1,0,0,0,0,0,0,0
60,1/03/2021,0,0,0,1,0,1,0,0,0,1,0,1,0,0,0,0,1,0,1,0,1,0,0,0,0,0,0,0
61,2/03/2021,0,0,0,1,0,1,0,0,0,1,0,1,0,0,1,0,1,0,1,0,1,0,0,0,0,0,0,0
62,3/03/2021,0,0,0,1,0,1,0,0,0,1,0,1,0,0,0,0,1,0,1,0,1,0,0,0,0,0,0,0
63,4/03/2021,0,0,0,1,0,1,0,0,0,1,0,1,0,0,1,0,1,0,1,0,1,0,0,0,0,0,0,0
64,5/03/2021,0,0,0,0,0,0,0,0,0,0,0,0,0,0,0,0,0,0,1,0,1,0,0,0,0,0,0,0
65,8/03/2021,0,0,0,1,0,1,0,0,0,1,1,1,0,-1,0,0,1,0,1,1,1,0,0,0,0,0,0,0
66,9/03/2021,0,0,0,0,0,0,0,0,0,0,1,0,0,0,0,0,0,0,0,0,0,0,0,0,0,0,0,0
67,10/03/2021,0,0,0,0,0,0,0,1,0,0,0,0,0,-1,0,0,0,0,0,0,0,0,0,0,0,0,0,0
68,11/03/2021,0,0,0,0,0,0,0,0,0,0,0,0,0,0,0,0,0,0,0,0,0,0,0,0,0,0,0,0
69,12/03/2021,0,0,0,0,0,0,0,0,0,0,0,0,0,0,0,0,0,0,0,0,0,0,0,0,0,0,-1,0
70,15/03/2021,0,0,0,0,1,0,0,0,0,0,1,0,0,0,0,1,0,0,0,1,0,0,1,1,0,0,-1,0
71,16/03/2021,0,0,0,0,0,0,0,0,0,0,0,0,0,0,0,0,0,0,0,0,0,0,0,0,0,0,0,0
72,17/03/2021,0,0,0,0,0,0,0,0,0,0,0,0,0,0,0,0,0,0,0,0,0,0,0,0,0,0,0,0
73,18/03/2021,0,0,0,0,0,0,0,0,0,0,0,0,0,0,0,0,0,0,0,0,0,0,0,0,0,0,0,0
74,19/03/2021,0,0,0,0,0,0,0,0,0,0,0,0,0,0,0,0,0,0,0,0,0,0,-1,0,0,0,0,0
75,22/03/2021,0,0,0,0,0,0,0,0,0,0,0,0,0,0,0,0,0,0,0,0,0,0,-1,0,0,0,0,0
76,23/03/2021,0,0,0,0,0,0,0,0,0,0,0,0,0,0,0,0,0,0,0,0,0,0,0,0,0,0,0,0
77,24/03/2021,0,0,0,0,0,0,0,0,0,0,0,0,0,0,0,0,0,0,0,0,0,0,-1,0,0,0,0,0
78,25/03/2021,0,0,0,0,0,0,0,0,0,0,0,0,0,0,0,0,0,0,0,0,0,0,-1,-1,0,0,0,0
79,26/03/2021,0,0,0,0,0,0,0,0,0,0,0,0,0,0,0,0,0,0,0,0,0,0,0,-1,0,0,0,0
80,29/03/2021,0,0,0,0,0,0,0,0,1,0,0,0,0,0,0,0,0,0,0,0,0,0,0,0,0,0,0,0
81,30/03/2021,0,0,0,0,0,0,0,0,1,0,0,0,0,0,0,0,0,0,0,0,0,0,0,0,0,0,0,0
82,31/03/2021,0,0,0,0,0,0,0,0,1,0,0,0,0,0,0,0,0,0,0,0,0,0,0,0,0,0,0,0
83,1/04/2021,0,0,0,0,0,0,0,0,0,0,0,0,0,0,0,0,0,0,0,0,0,0,0,0,0,0,0,0
84,5/04/2021,-1,0,0,0,0,0,0,0,0,0,0,0,0,0,0,0,0,0,0,0,0,0,0,0,0,0,0,0
85,6/04/2021,-1,0,0,0,0,0,0,0,0,0,0,0,0,0,0,0,0,0,0,0,0,0,0,0,0,0,0,0
86,7/04/2021,-1,0,0,0,0,0,0,0,0,0,0,0,0,0,0,0,0,0,0,0,0,0,0,0,0,0,0,0
87,8/04/2021,-1,0,0,-1,0,0,0,0,0,0,0,0,0,0,0,0,0,0,0,0,0,0,0,0,0,0,0,0
88,9/04/2021,0,0,0,-1,0,0,0,0,0,0,0,0,0,0,0,0,0,0,0,0,0,0,0,0,0,0,0,0
89,12/04/2021,0,0,0,-1,0,0,0,0,0,0,0,0,0,0,0,0,0,0,0,0,0,0,0,0,0,0,0,0
90,13/04/2021,0,-1,0,-1,0,0,0,0,0,-1,0,0,0,0,0,0,0,0,0,0,0,0,0,0,0,0,0,0
91,14/04/2021,0,0,0,0,0,0,0,0,0,0,0,0,0,0,0,0,0,0,0,0,0,0,0,0,0,0,0,0
92,15/04/2021,0,0,0,-1,0,0,0,0,0,-1,0,0,0,0,0,0,0,0,0,0,0,0,0,0,0,0,0,0
93,16/04/2021,0,0,0,0,0,0,0,0,0,0,0,0,0,0,0,0,0,0,0,0,0,0,0,0,0,0,0,0
94,19/04/2021,0,0,-1,0,0,0,0,0,0,0,0,0,0,0,0,0,0,0,0,0,0,0,0,0,0,0,0,0
95,20/04/2021,0,-1,-1,0,0,0,0,0,0,0,0,0,0,0,0,0,0,0,0,0,0,0,0,0,0,0,0,0
96,21/04/2021,0,0,0,0,0,0,0,0,0,0,0,0,0,0,0,0,0,0,0,0,0,0,0,0,0,0,0,0
97,22/04/2021,0,0,0,0,0,0,0,0,0,-1,0,0,0,0,0,0,0,0,0,0,0,0,0,0,0,0,0,0
98,23/04/2021,0,0,0,0,0,0,0,0,0,-1,0,0,0,0,0,0,0,0,0,0,0,0,0,0,0,0,0,0
99,26/04/2021,0,0,0,0,0,0,0,0,0,0,0,0,0,0,0,0,0,0,0,0,0,0,0,0,0,0,0,0
100,27/04/2021,0,0,0,0,0,0,0,0,0,-1,0,0,0,0,-1,0,0,0,0,0,0,0,1,0,0,0,0,0
101,28/04/2021,0,0,0,0,0,0,0,0,0,-1,0,0,0,0,-1,0,-1,0,0,0,0,0,1,0,0,-1,0,0
102,29/04/2021,0,0,0,0,1,0,0,0,0,0,0,0,0,0,0,1,0,0,0,0,0,0,1,0,0,-1,-1,0
103,30/04/2021,0,0,0,0,0,0,0,0,0,0,0,0,-1,0,0,0,0,-1,0,0,0,-1,0,0,0,0,-1,0
104,3/05/2021,0,0,0,0,0,0,0,0,0,0,0,0,0,0,0,1,0,0,0,0,0,0,0,0,0,0,0,0
105,4/05/2021,0,0,0,0,0,0,0,0,0,0,0,0,0,1,0,0,0,0,0,0,0,0,0,0,0,0,0,0
106,5/05/2021,0,0,0,0,1,0,0,0,0,0,0,-1,0,0,0,1,-1,0,0,1,-1,0,0,0,0,-1,0,1
107,6/05/2021,0,0,0,0,0,0,0,0,0,0,0,0,0,0,0,1,0,0,0,1,0,0,0,0,0,-1,0,0
108,7/05/2021,0,0,0,0,1,0,0,0,0,0,1,0,0,0,0,1,0,0,0,1,0,0,1,0,0,-1,-1,0
109,10/05/2021,0,0,0,0,1,0,0,0,0,0,1,0,0,1,0,1,0,0,0,1,0,0,1,0,0,-1,0,0
110,11/05/2021,0,0,1,1,0,0,0,0,0,0,0,0,0,1,0,0,0,0,0,0,-1,0,0,-1,0,0,0,0
111,12/05/2021,0,0,0,1,0,0,0,0,0,0,0,0,0,1,1,0,0,0,0,0,-1,0,0,-1,0,0,0,1
112,13/05/2021,0,0,0,1,0,0,0,0,0,0,0,0,0,0,0,0,0,0,0,0,0,0,0,-1,-1,0,0,0
113,14/05/2021,0,0,0,1,0,0,0,0,0,0,0,0,0,0,0,0,0,0,0,0,0,0,0,-1,-1,0,0,0
114,17/05/2021,0,0,0,0,0,0,0,0,0,0,0,0,0,0,0,0,0,0,0,0,0,0,0,0,0,0,0,0
115,18/05/2021,0,0,0,0,0,0,0,0,0,0,0,0,0,0,0,0,0,0,0,0,0,-1,0,0,-1,0,0,0
116,19/05/2021,0,0,0,0,0,0,0,0,0,0,0,0,-1,0,0,0,0,0,0,0,-1,-1,0,-1,-1,0,0,0
117,20/05/2021,0,0,0,0,0,0,0,0,0,0,0,0,0,0,0,0,-1,0,0,0,-1,-1,0,0,0,0,0,0
118,21/05/2021,0,0,0,0,0,0,0,0,1,0,0,0,0,1,0,0,0,0,0,0,-1,0,0,0,0,0,0,0
119,24/05/2021,0,0,0,0,0,-1,0,0,0,0,0,-1,0,0,0,0,-1,0,0,0,0,0,0,-1,0,0,0,0
120,25/05/2021,0,0,0,0,0,0,0,0,1,0,0,0,0,0,0,0,-1,0,0,0,-1,0,0,0,0,0,0,0
121,26/05/2021,0,0,0,0,0,0,0,1,0,0,0,0,0,0,0,0,0,0,0,0,0,0,0,0,0,0,0,0
122,27/05/2021,0,0,0,0,0,0,0,0,0,0,0,0,0,0,0,0,0,0,0,0,0,0,0,0,0,0,0,0
123,28/05/2021,0,0,0,0,0,0,0,0,0,0,0,0,0,0,0,0,0,0,0,0,0,0,0,0,0,0,0,0
124,1/06/2021,0,0,0,0,0,0,0,1,1,0,1,0,0,0,0,0,0,0,0,0,0,0,0,0,0,0,0,0
125,2/06/2021,0,1,0,0,0,0,0,1,1,0,0,0,0,0,0,0,0,0,0,0,0,0,0,0,0,0,0,0
126,3/06/2021,0,0,0,0,0,0,0,1,1,0,0,0,0,0,0,0,0,0,0,0,0,0,0,0,0,0,0,0
127,4/06/2021,0,0,0,0,0,0,0,1,1,0,0,0,1,0,0,0,0,0,0,0,0,0,0,0,0,0,0,0
128,7/06/2021,-1,0,0,0,0,0,0,1,0,0,0,1,1,0,0,0,0,0,0,0,0,0,0,0,0,0,0,0
129,8/06/2021,-1,0,0,0,0,0,0,0,0,0,0,0,0,0,0,0,0,0,0,0,0,0,0,0,0,0,0,0
130,9/06/2021,-1,0,0,0,0,0,0,0,0,0,0,1,0,0,0,0,0,0,0,0,0,0,0,0,0,0,0,0
131,10/06/2021,-1,0,0,0,0,0,0,1,0,0,0,1,0,0,0,0,0,0,0,0,0,0,0,0,0,0,0,0
132,11/06/2021,-1,0,0,0,0,0,0,0,0,0,0,1,0,0,0,0,0,0,0,0,0,0,0,0,0,0,0,0
133,14/06/2021,0,0,0,0,0,0,0,0,0,0,0,1,0,0,0,0,0,0,0,0,0,0,0,0,0,1,0,0
134,15/06/2021,0,0,0,0,0,0,0,0,0,0,0,0,0,-1,0,0,0,0,0,0,0,0,0,0,0,0,0,0
135,16/06/2021,0,0,0,0,0,0,0,0,0,0,0,0,0,-1,0,0,0,0,0,0,1,1,0,0,0,1,1,0
136,17/06/2021,0,0,0,0,-1,0,0,0,0,0,0,0,0,0,0,-1,0,0,0,0,0,0,0,0,0,1,1,0
137,18/06/2021,0,0,0,0,0,0,1,0,0,0,0,0,1,0,0,0,0,1,0,0,1,1,0,0,1,1,1,0
138,21/06/2021,0,0,0,0,-1,0,0,0,0,0,0,0,0,-1,0,-1,0,0,0,0,1,0,-1,0,0,1,1,0
139,22/06/2021,0,0,0,0,-1,0,0,0,0,0,0,0,1,0,0,-1,0,1,0,0,0,1,0,0,1,1,1,0
140,23/06/2021,0,0,0,0,-1,0,0,0,0,0,0,0,0,0,0,-1,0,1,0,-1,0,1,-1,0,0,1,1,0
141,24/06/2021,0,0,0,0,0,0,0,0,0,0,0,0,0,0,0,0,0,0,0,0,0,0,0,0,0,0,1,1
142,25/06/2021,0,0,0,0,-1,0,0,0,0,0,0,0,0,0,0,0,0,0,0,-1,0,0,-1,0,0,0,0,0
143,28/06/2021,0,0,0,0,0,0,0,0,0,0,0,0,0,0,0,0,0,0,0,-1,0,0,0,0,0,0,0,0
144,29/06/2021,0,0,0,0,0,0,1,0,0,0,0,0,0,0,0,0,0,1,0,-1,0,0,-1,0,0,0,1,1
145,30/06/2021,0,0,0,0,0,0,1,0,0,0,0,0,0,0,0,0,0,1,1,0,0,1,0,0,0,0,0,1
146,1/07/2021,0,0,0,0,0,0,0,0,0,0,0,0,0,0,0,0,0,0,0,0,0,0,0,0,0,0,0,0
147,2/07/2021,0,0,0,0,0,0,0,0,0,0,0,0,0,0,0,0,0,0,0,0,0,0,0,0,0,0,0,0
148,6/07/2021,0,0,0,0,0,0,0,0,0,0,0,0,0,0,0,0,0,0,0,0,0,0,0,0,0,0,0,0
149,7/07/2021,0,0,0,0,0,0,0,0,0,0,0,0,0,0,0,0,0,0,0,0,0,0,0,0,0,0,0,0
150,8/07/2021,0,0,0,0,0,0,0,0,0,0,0,0,0,0,0,0,0,0,0,0,0,0,0,0,0,0,0,0
151,9/07/2021,0,0,0,0,0,0,0,0,0,0,0,0,0,0,0,0,0,0,0,0,0,0,0,0,0,0,0,0
152,12/07/2021,0,0,0,0,0,1,0,0,0,0,0,0,0,0,0,0,0,0,0,0,0,0,0,0,0,0,0,0
153,13/07/2021,0,0,0,0,0,1,0,0,0,0,0,1,0,0,0,0,0,0,0,0,0,0,0,0,0,0,0,0
154,14/07/2021,0,0,0,0,0,1,0,1,0,0,0,1,0,0,0,0,0,0,0,0,0,0,0,0,0,0,0,0
155,15/07/2021,0,0,0,0,0,0,0,1,0,0,0,0,0,0,0,0,0,0,0,0,0,0,0,0,0,0,0,0
156,16/07/2021,0,0,0,0,0,1,0,0,0,0,0,1,0,0,0,0,0,0,0,0,0,0,0,1,0,0,0,0
157,19/07/2021,0,0,0,0,0,0,0,1,1,1,0,0,0,0,0,0,0,0,-1,0,0,0,0,0,0,0,0,0
158,20/07/2021,0,0,0,0,0,0,0,0,0,0,0,0,0,0,0,0,0,0,0,0,0,0,0,0,0,0,0,0
159,21/07/2021,-1,0,0,0,0,0,0,1,0,0,0,0,0,-1,0,0,0,0,0,0,0,0,0,0,0,0,0,0
160,22/07/2021,0,0,0,-1,0,0,0,0,0,0,0,0,0,0,-1,0,0,0,-1,0,0,0,0,0,0,0,0,0
161,23/07/2021,-1,0,0,-1,0,0,0,0,0,0,0,0,0,-1,-1,0,0,0,0,0,0,0,0,0,0,0,0,0
162,26/07/2021,0,0,0,0,0,0,0,0,0,0,0,0,0,0,0,0,0,0,0,0,0,0,0,0,0,0,0,0
163,27/07/2021,-1,0,0,0,0,0,0,0,0,0,0,0,0,0,0,0,0,0,0,0,0,0,0,0,0,0,0,0
164,28/07/2021,0,0,0,0,0,0,0,0,0,0,0,1,0,0,0,0,1,0,0,0,1,1,0,1,1,0,0,0
165,29/07/2021,0,0,0,0,0,0,0,0,0,0,1,1,0,0,0,1,1,0,0,1,1,0,1,1,0,0,0,0
166,30/07/2021,0,0,0,0,0,0,0,0,0,0,1,1,0,0,0,1,1,0,0,1,1,0,1,1,0,0,0,0
167,2/08/2021,0,0,0,0,0,0,0,0,0,0,0,0,0,0,0,1,1,1,0,0,0,0,0,0,0,0,0,0
168,3/08/2021,-1,-1,0,-1,0,0,0,0,0,0,0,0,0,1,0,1,1,0,0,0,0,0,0,0,0,0,0,0
169,4/08/2021,-1,-1,0,0,0,0,0,0,0,0,0,1,1,0,0,1,1,1,0,0,0,0,0,0,0,0,0,0
170,5/08/2021,-1,-1,0,-1,0,0,0,0,0,0,0,0,1,1,0,1,1,1,0,0,0,0,0,0,1,0,0,0
171,6/08/2021,0,0,0,0,0,0,1,0,0,0,0,0,1,0,0,1,1,1,0,0,0,1,0,0,1,0,0,0
172,9/08/2021,0,0,0,0,1,0,1,0,0,0,1,0,1,1,0,1,1,1,0,0,0,1,0,0,1,-1,0,0
173,10/08/2021,0,0,0,0,1,0,1,0,1,0,0,0,1,1,0,1,0,1,0,0,0,1,0,0,1,-1,1,1
174,11/08/2021,0,0,0,0,1,0,0,0,0,0,0,0,0,0,0,1,0,0,0,0,0,0,0,0,0,0,0,0
175,12/08/2021,0,0,0,0,1,0,0,0,1,0,0,0,0,1,0,0,0,0,0,0,0,0,0,0,0,0,-1,0
176,13/08/2021,0,0,0,0,0,1,0,0,1,0,0,1,0,0,0,0,0,0,-1,0,0,0,0,0,0,0,-1,0
177,16/08/2021,0,0,0,0,0,1,0,0,1,0,0,1,0,1,0,0,0,0,-1,0,0,0,0,0,0,0,-1,-1
178,17/08/2021,0,0,0,0,0,0,0,1,1,1,0,1,0,1,0,0,0,0,-1,0,0,0,0,0,0,0,-1,-1
179,18/08/2021,-1,0,0,0,0,0,0,0,1,1,0,0,0,1,0,0,0,0,-1,0,0,0,0,0,0,0,0,0
180,19/08/2021,0,0,0,0,0,0,0,1,1,1,0,0,0,0,0,0,0,0,0,0,0,0,0,0,0,0,0,0
181,20/08/2021,0,0,0,0,0,0,0,1,1,1,0,0,0,0,0,0,0,0,0,0,0,0,0,0,0,0,0,0
182,23/08/2021,0,0,0,0,0,0,0,0,0,0,0,0,0,0,0,0,0,0,0,0,0,0,0,0,0,-1,0,0
183,24/08/2021,0,0,0,0,0,0,0,0,0,0,0,0,0,0,0,0,0,0,0,0,0,0,0,0,0,0,0,0
184,25/08/2021,0,0,0,0,0,0,0,0,0,0,0,0,0,0,0,0,0,0,0,0,0,0,0,0,0,0,0,0
185,26/08/2021,0,0,0,0,0,0,0,0,0,1,0,0,0,0,0,0,0,0,0,0,0,0,0,0,0,0,0,0
186,27/08/2021,0,0,0,0,0,0,0,1,0,0,0,0,0,0,0,0,0,0,0,0,0,0,0,0,0,0,0,0
187,30/08/2021,0,0,0,0,0,0,0,1,0,0,0,0,0,0,0,0,0,0,0,0,0,0,0,0,0,0,0,-1
188,31/08/2021,0,0,0,0,0,0,0,1,0,0,0,0,0,0,0,0,0,0,0,0,0,0,0,0,0,0,0,0
189,1/09/2021,0,0,0,0,0,0,0,0,0,0,0,0,0,0,0,0,0,0,-1,0,0,0,0,0,0,0,0,0
190,2/09/2021,0,0,0,0,0,0,0,0,0,0,0,0,0,0,-1,0,0,0,-1,0,0,0,1,0,0,-1,-1,0
191,3/09/2021,0,0,0,0,0,0,0,0,0,0,0,0,0,0,-1,0,0,0,-1,0,0,0,1,0,0,0,0,0
192,7/09/2021,0,0,0,0,0,0,0,0,0,0,0,0,0,0,-1,0,0,0,-1,0,0,0,1,1,0,0,0,0
193,8/09/2021,0,0,0,0,0,0,0,0,0,0,0,0,0,0,0,0,0,0,-1,0,0,0,1,1,0,-1,-1,0
194,9/09/2021,0,0,0,0,0,0,0,0,0,0,0,0,0,0,0,1,0,0,0,0,0,0,1,1,0,-1,0,0
195,10/09/2021,0,0,0,0,1,0,0,0,0,0,0,0,0,0,0,0,0,0,0,0,0,0,1,0,0,-1,0,0
196,13/09/2021,0,0,0,0,1,0,0,0,0,0,0,0,0,0,0,1,0,0,0,1,0,0,1,0,0,-1,0,0
197,14/09/2021,0,0,0,0,0,0,0,0,0,0,0,0,0,0,0,1,0,0,0,1,0,0,0,0,0,-1,0,0
198,15/09/2021,0,0,0,0,0,0,0,0,0,0,0,0,0,0,0,0,0,0,0,0,0,0,0,0,0,0,0,0
199,16/09/2021,0,0,0,0,0,0,0,0,0,0,0,0,0,0,0,0,0,0,0,0,0,0,0,0,0,0,0,0
200,17/09/2021,0,0,0,0,0,1,0,0,0,0,0,1,0,0,0,0,1,0,0,0,1,0,0,1,0,0,0,0
201,20/09/2021,0,0,0,0,0,0,0,0,0,0,0,0,0,0,0,0,1,0,0,0,1,0,0,0,0,0,0,0
202,21/09/2021,0,0,0,0,0,0,0,0,0,0,0,0,0,0,0,0,0,0,0,0,0,0,0,0,0,0,0,0
203,22/09/2021,0,0,0,0,0,0,0,0,0,0,0,0,0,0,0,0,0,0,0,0,0,0,0,0,0,0,0,0
204,23/09/2021,0,0,0,0,0,0,1,0,0,0,0,0,0,0,0,0,0,0,0,0,0,0,0,0,0,0,0,1
205,24/09/2021,0,0,0,0,0,0,0,0,0,0,0,0,0,0,0,0,0,0,0,0,0,0,0,0,0,0,0,0
206,27/09/2021,1,1,1,1,0,0,1,0,0,0,0,0,0,0,0,0,0,0,0,0,0,0,0,0,0,0,1,0
207,28/09/2021,1,1,0,1,0,0,0,0,0,0,0,0,0,0,0,0,0,0,0,0,0,0,0,0,0,0,0,0
208,29/09/2021,1,1,0,1,0,0,0,0,0,0,0,0,0,0,0,0,0,0,0,0,0,0,0,0,-1,0,0,0
209,30/09/2021,1,0,0,0,0,0,0,0,0,0,0,-1,0,0,0,0,0,0,0,0,0,0,0,0,0,0,0,0
210,1/10/2021,0,0,0,0,0,0,0,0,-1,0,0,0,-1,0,0,0,0,0,0,0,0,0,0,0,-1,0,0,0
211,4/10/2021,1,1,0,1,0,0,0,0,-1,0,0,0,0,-1,0,0,0,0,0,0,0,0,0,0,-1,0,0,0
212,5/10/2021,1,1,0,1,1,1,0,0,0,0,0,0,0,0,0,0,0,0,0,0,0,0,0,0,-1,0,0,0
213,6/10/2021,1,0,0,0,1,1,0,0,-1,0,1,0,-1,0,0,1,0,-1,0,1,0,0,0,0,-1,-1,-1,-1
214,7/10/2021,1,1,0,0,1,0,0,0,-1,0,1,0,-1,-1,0,0,-1,-1,0,1,0,0,0,0,0,-1,-1,0
215,8/10/2021,1,0,0,0,1,0,0,0,-1,0,1,0,0,0,0,1,0,0,0,1,0,0,1,0,0,-1,-1,0
216,11/10/2021,0,0,0,0,1,0,0,0,0,0,1,0,-1,0,0,1,0,-1,0,1,0,-1,1,0,0,-1,-1,-1
217,12/10/2021,0,0,1,0,1,1,-1,0,0,0,1,0,-1,0,0,1,0,-1,0,1,0,-1,1,0,-1,-1,-1,-1
218,13/10/2021,0,0,0,0,1,0,0,0,0,0,1,0,0,0,0,1,0,0,0,1,0,-1,0,0,-1,0,-1,-1
219,14/10/2021,0,0,0,0,0,0,0,0,0,0,0,0,0,0,0,0,0,0,0,0,0,-1,0,0,0,0,0,-1
220,15/10/2021,0,0,0,0,0,0,0,0,0,0,0,0,0,0,0,0,0,0,0,0,0,-1,0,0,0,0,0,0
221,18/10/2021,0,0,0,0,0,0,-1,0,0,0,0,0,-1,0,0,0,0,-1,0,0,0,-1,0,0,-1,0,0,-1
222,19/10/2021,0,0,0,0,0,0,0,0,0,0,0,0,0,0,0,0,0,0,0,0,0,0,0,0,0,0,0,0
223,20/10/2021,0,0,0,0,0,0,-1,1,1,0,0,0,0,0,0,0,0,0,0,0,-1,-1,0,0,0,0,0,0
224,21/10/2021,0,0,0,0,0,-1,0,0,0,-1,0,-1,0,0,-1,0,-1,0,-1,0,-1,0,0,0,0,0,0,0
225,22/10/2021,0,0,0,0,0,-1,0,0,0,-1,0,0,0,0,-1,0,0,0,0,0,0,0,0,0,0,0,0,0
226,25/10/2021,0,0,0,-1,0,-1,0,1,0,0,0,0,0,0,-1,0,0,0,-1,0,0,0,0,0,0,0,0,0
227,26/10/2021,0,0,0,-1,0,-1,0,1,1,0,0,0,0,0,-1,0,0,0,-1,0,-1,0,0,0,0,0,0,0
228,27/10/2021,0,0,-1,-1,0,-1,0,1,0,-1,0,0,0,-1,-1,0,-1,0,0,0,0,0,0,0,0,0,0,0
229,28/10/2021,0,0,-1,-1,0,-1,0,1,0,-1,0,0,0,-1,-1,0,-1,0,0,0,0,0,0,0,0,0,0,0
230,29/10/2021,0,0,0,0,0,-1,0,0,0,-1,0,-1,0,-1,-1,0,-1,0,0,0,0,0,0,0,0,0,0,0
231,1/11/2021,0,0,-1,0,0,-1,0,0,-1,-1,0,-1,0,-1,0,0,-1,0,0,0,0,0,0,-1,0,0,0,0
232,2/11/2021,0,0,0,0,0,-1,0,0,0,-1,0,-1,0,0,0,0,-1,0,0,0,-1,0,0,-1,0,0,0,0
233,3/11/2021,0,0,0,0,0,0,0,0,-1,-1,0,-1,0,0,0,0,0,0,0,0,0,0,0,-1,0,0,0,0
234,4/11/2021,0,0,0,0,0,-1,0,-1,-1,-1,-1,-1,0,0,0,0,-1,0,0,0,-1,0,0,-1,0,0,0,0
235,5/11/2021,0,0,0,0,0,-1,0,0,0,0,0,-1,0,0,0,0,-1,0,0,0,-1,0,0,-1,0,0,0,0
236,8/11/2021,0,-1,0,0,0,-1,0,0,0,0,0,-1,0,0,0,0,-1,0,0,0,-1,0,0,-1,0,0,0,0
237,9/11/2021,0,-1,0,0,0,-1,0,0,0,0,0,0,0,0,0,0,0,0,0,0,-1,0,0,-1,0,0,0,0
238,10/11/2021,0,0,0,0,0,0,0,0,0,0,0,0,0,0,0,0,0,0,0,0,0,0,0,-1,0,0,0,0
239,11/11/2021,0,0,0,0,0,0,0,0,0,0,0,0,0,0,0,0,0,0,0,0,0,0,0,0,0,0,0,0
240,12/11/2021,0,0,0,0,0,0,0,0,0,0,0,0,0,0,0,0,0,0,0,0,0,0,0,0,0,0,0,0
241,15/11/2021,0,0,0,0,0,0,0,0,0,0,0,0,0,0,0,0,0,0,0,0,0,0,0,0,0,0,0,0
242,16/11/2021,0,0,0,0,0,0,0,0,0,0,0,0,0,0,0,0,0,0,0,0,0,0,0,0,0,0,0,0
243,17/11/2021,0,0,0,0,0,0,0,0,0,0,0,0,0,0,0,0,0,0,0,0,0,0,0,0,0,-1,0,0
244,18/11/2021,0,0,0,0,0,0,0,0,0,0,0,0,0,0,0,0,0,0,0,0,0,0,0,0,0,0,0,0
245,19/11/2021,0,0,0,0,0,0,0,0,0,0,0,0,0,0,0,0,0,0,0,0,0,0,0,0,0,0,0,0
246,22/11/2021,0,0,0,0,0,0,0,0,0,0,0,0,0,0,0,0,0,0,0,0,0,0,0,0,0,0,0,0
247,23/11/2021,0,0,0,0,0,0,0,0,0,0,0,0,0,0,0,0,0,0,0,0,0,0,0,0,0,0,0,0
248,24/11/2021,0,0,0,0,0,0,0,0,0,0,0,0,0,0,0,0,0,0,-1,0,0,0,0,0,0,0,0,0
249,26/11/2021,0,0,0,0,0,0,0,0,0,0,0,0,1,0,0,0,0,0,0,0,0,0,0,0,1,0,0,0
250,29/11/2021,0,0,0,0,0,0,0,0,0,0,0,0,0,0,0,0,0,0,0,0,0,0,0,0,0,0,0,0
251,30/11/2021,0,0,0,0,0,0,0,0,0,0,0,0,0,0,0,0,0,0,0,0,0,0,0,0,0,0,0,0
252,1/12/2021,0,0,0,0,0,0,0,0,0,0,0,0,1,0,0,0,0,0,0,-1,0,0,0,0,0,0,0,0
253,2/12/2021,0,0,0,0,0,0,0,0,0,0,0,0,0,0,0,0,0,0,0,0,0,0,0,0,0,0,0,0
254,3/12/2021,0,0,0,0,0,0,0,0,0,0,0,0,0,0,0,0,0,0,0,0,0,0,0,0,0,0,0,0
255,6/12/2021,0,0,0,0,-1,0,0,0,0,0,0,0,0,0,0,0,0,0,0,0,0,0,0,0,0,0,0,0
256,7/12/2021,-1,-1,0,-1,-1,0,0,0,0,0,0,0,0,0,0,-1,0,0,-1,-1,0,0,0,0,0,0,0,0
257,8/12/2021,0,-1,-1,-1,-1,0,0,0,0,0,0,0,0,0,0,0,0,0,0,0,0,0,0,0,0,0,0,0
258,9/12/2021,-1,-1,-1,-1,-1,0,0,0,0,0,0,0,0,1,0,0,0,0,0,0,0,0,0,0,0,0,0,0
259,10/12/2021,-1,0,0,0,-1,0,0,0,0,0,0,0,0,0,0,-1,0,0,0,0,0,0,0,0,0,0,0,0
260,13/12/2021,0,0,0,-1,0,0,0,0,0,0,0,0,0,0,-1,-1,0,0,-1,0,0,0,0,0,0,0,0,0
261,14/12/2021,0,0,0,0,0,0,0,0,0,0,0,0,1,0,-1,-1,0,0,0,0,0,1,0,0,1,0,1,0
262,15/12/2021,0,0,0,-1,-1,0,-1,0,0,0,-1,0,0,0,-1,-1,0,0,-1,-1,0,0,0,0,0,0,0,0
263,16/12/2021,0,0,0,0,0,0,0,0,0,0,0,0,0,0,0,0,0,0,-1,-1,-1,0,0,0,0,0,0,0
264,17/12/2021,0,0,0,0,-1,0,0,0,0,0,-1,0,1,0,0,0,0,1,0,-1,0,0,-1,0,1,1,1,0
265,20/12/2021,0,0,0,0,-1,0,0,0,0,0,-1,0,0,0,0,-1,0,0,0,-1,0,0,-1,0,0,0,1,1
266,21/12/2021,-1,-1,-1,0,-1,-1,0,0,0,0,0,0,0,0,0,0,0,0,0,0,0,0,0,0,0,0,0,0
267,22/12/2021,-1,-1,-1,-1,-1,-1,0,0,0,0,0,0,0,0,0,0,0,0,0,0,0,0,0,0,0,0,0,0
268,23/12/2021,0,0,0,0,0,0,0,0,0,0,0,0,0,0,0,0,0,0,0,0,0,0,0,0,0,0,0,0
269,27/12/2021,0,0,0,0,0,0,0,0,0,0,0,0,0,0,0,0,0,0,0,0,0,0,0,0,0,0,0,0
270,28/12/2021,0,0,0,0,0,0,0,0,0,0,0,0,0,0,0,0,0,0,0,0,0,0,0,1,0,0,0,0
271,29/12/2021,0,0,0,0,0,0,0,0,0,-1,0,0,0,0,-1,0,0,0,0,0,0,0,0,0,0,0,0,0
272,30/12/2021,0,0,0,0,0,0,0,0,0,-1,0,0,0,0,0,0,0,0,0,0,0,0,0,0,0,0,0,0
273,31/12/2021,0,0,0,0,0,0,0,0,0,0,0,0,0,0,0,0,0,0,0,0,0,0,0,0,0,0,0,0
274,3/01/2022,0,0,-1,0,0,0,0,0,0,-1,0,0,0,0,0,0,0,0,0,0,0,0,0,0,0,0,0,0
275,4/01/2022,0,0,-1,0,0,0,0,0,-1,-1,0,0,0,-1,-1,0,0,0,0,0,0,1,0,0,1,0,0,0
276,5/01/2022,0,0,-1,0,0,0,0,1,0,0,0,0,0,-1,-1,-1,0,0,0,0,0,0,0,0,0,0,0,0
277,6/01/2022,0,0,0,0,0,0,-1,0,0,0,0,0,-1,0,0,0,0,-1,0,0,0,0,-1,0,-1,1,0,-1
278,7/01/2022,0,0,0,0,0,0,0,0,0,0,0,0,0,0,0,0,0,0,0,0,1,0,0,0,0,1,0,0
279,10/01/2022,0,0,0,0,0,0,0,0,0,0,0,0,0,0,0,0,0,0,0,0,0,0,-1,0,0,0,0,0
280,11/01/2022,0,0,0,0,0,0,0,1,0,0,0,1,0,0,0,0,0,-1,0,0,0,0,-1,0,-1,1,0,-1
281,12/01/2022,0,0,0,0,0,0,0,0,0,0,0,1,0,0,0,0,1,0,0,0,0,0,-1,0,-1,0,0,-1
282,13/01/2022,0,0,0,0,0,0,0,0,0,0,0,0,0,0,0,0,0,-1,0,0,0,0,-1,0,-1,0,0,0
283,14/01/2022,0,0,0,0,0,0,0,0,0,0,0,0,-1,0,0,0,0,-1,1,0,0,-1,-1,0,-1,0,0,0
284,18/01/2022,0,0,0,0,0,0,0,0,0,1,0,0,0,0,1,0,0,0,0,0,0,-1,-1,-1,-1,0,0,0
285,19/01/2022,0,0,0,0,0,0,0,0,1,1,0,0,0,0,0,0,0,0,0,-1,0,-1,-1,0,0,0,0,0
286,20/01/2022,0,0,0,0,0,0,0,0,1,0,0,0,0,1,0,0,0,0,0,-1,-1,-1,0,0,0,0,0,0
287,21/01/2022,-1,0,0,0,0,0,0,0,1,1,0,0,0,1,0,0,0,0,0,0,-1,-1,0,0,0,0,-1,0
288,24/01/2022,0,0,0,0,0,0,0,0,1,0,0,0,0,0,0,0,0,0,0,0,0,0,0,0,0,0,0,0
289,25/01/2022,0,0,1,0,0,0,0,0,1,1,1,0,0,1,1,1,0,0,0,0,-1,0,0,0,0,0,0,0
290,26/01/2022,0,0,0,0,0,0,0,0,0,0,1,0,0,0,0,1,0,0,0,0,0,0,0,-1,0,-1,0,0
291,27/01/2022,0,0,0,1,0,0,0,0,0,0,1,0,0,0,1,1,0,0,0,0,0,0,0,-1,0,0,-1,0
292,28/01/2022,0,0,0,0,0,0,0,0,0,0,0,0,0,0,0,0,0,0,0,0,0,0,0,0,0,0,0,0
293,31/01/2022,0,-1,0,0,1,0,0,0,0,0,1,0,0,0,0,1,1,0,0,0,0,0,0,0,0,0,-1,0
294,1/02/2022,0,-1,0,0,1,0,0,0,0,0,1,0,0,0,0,1,1,0,0,1,0,0,1,0,0,-1,-1,0
295,2/02/2022,-1,-1,0,0,1,0,0,0,0,0,1,0,0,0,0,1,0,0,0,1,0,0,1,0,0,-1,-1,0
296,3/02/2022,0,0,0,0,1,0,0,0,0,0,1,0,0,0,0,1,0,0,0,1,0,0,0,0,0,-1,0,0
297,4/02/2022,0,0,0,0,1,0,0,0,0,0,1,0,1,0,0,1,0,0,0,1,0,0,0,0,0,0,0,0
298,7/02/2022,-1,0,0,0,0,0,0,0,0,0,0,0,0,0,0,0,0,0,0,0,0,0,0,0,0,0,0,0
299,8/02/2022,-1,0,0,0,1,-1,0,1,0,0,1,0,0,0,0,1,0,0,0,1,0,0,1,0,0,-1,-1,0
300,9/02/2022,-1,0,0,0,0,-1,0,1,0,0,0,0,0,0,0,0,0,0,0,0,0,0,0,0,0,-1,0,0
301,10/02/2022,0,0,0,0,1,0,1,0,0,0,0,0,1,0,0,0,0,0,0,1,0,0,0,0,0,-1,0,1
302,11/02/2022,0,0,0,0,1,0,0,0,0,0,0,0,0,0,0,0,0,0,0,1,0,0,0,0,0,0,-1,0
303,14/02/2022,0,0,0,0,0,0,0,0,0,0,0,0,0,0,0,0,0,0,0,1,0,0,0,0,0,0,0,0
304,15/02/2022,0,0,0,0,0,0,0,0,0,0,0,0,0,0,0,0,0,0,0,0,0,0,0,0,0,0,0,0
305,16/02/2022,0,0,0,0,0,0,1,0,0,0,0,0,1,0,0,0,0,1,0,0,0,1,0,0,1,0,0,1
306,17/02/2022,0,0,0,0,0,-1,1,0,0,0,0,0,1,0,0,0,0,1,0,0,0,1,0,0,1,0,0,1
307,18/02/2022,0,0,0,0,0,-1,0,0,0,0,0,0,0,0,0,0,0,0,0,0,0,0,0,0,0,0,0,0
308,22/02/2022,0,0,0,0,0,-1,0,0,0,0,0,0,0,0,0,0,0,0,0,0,0,0,0,0,0,0,0,0
309,23/02/2022,0,0,0,0,0,0,0,0,0,0,0,0,0,0,0,0,0,0,0,0,0,0,0,0,0,0,0,0
310,24/02/2022,0,0,0,0,0,0,0,0,0,0,0,0,0,0,0,0,0,0,0,0,0,0,0,0,0,0,-1,0
311,25/02/2022,0,0,0,0,0,-1,0,0,0,0,0,0,0,0,0,0,0,0,0,0,0,0,0,0,0,0,-1,0
312,28/02/2022,0,0,0,0,0,0,0,0,0,0,0,0,0,0,0,0,0,0,0,0,0,0,0,0,0,0,0,0
313,1/03/2022,0,0,0,0,0,0,0,0,0,0,0,0,0,0,0,0,0,0,0,0,-1,0,0,-1,0,0,0,0
314,2/03/2022,0,0,0,0,0,0,0,0,0,0,0,0,0,0,0,0,0,0,0,0,0,0,0,0,0,0,0,0
315,3/03/2022,0,0,0,0,0,0,0,0,0,0,0,0,0,0,0,0,0,0,0,0,0,0,0,0,0,0,0,0
316,4/03/2022,0,0,0,0,0,0,0,0,1,0,0,0,0,0,0,0,0,0,0,0,0,0,0,0,0,0,-1,0
317,7/03/2022,0,0,0,0,0,0,0,0,1,0,0,0,0,0,0,0,0,0,0,0,0,0,0,0,0,0,0,0
318,8/03/2022,0,0,0,0,0,0,0,0,0,0,0,0,0,0,0,0,0,0,0,0,0,0,0,0,0,0,0,0
319,9/03/2022,0,0,0,0,0,0,0,0,1,0,0,0,0,0,0,0,0,0,0,0,0,0,0,0,0,0,0,0
320,10/03/2022,0,0,0,0,0,0,0,0,0,0,0,0,0,0,0,0,0,0,0,0,0,0,0,0,0,0,0,0
321,11/03/2022,0,0,0,0,0,0,0,0,0,0,0,0,0,0,1,0,0,0,0,0,0,0,0,0,0,0,0,0
322,14/03/2022,0,0,0,0,0,0,0,0,0,0,0,0,0,0,0,0,0,0,0,0,0,0,0,0,0,0,0,0
323,15/03/2022,0,0,0,0,0,0,0,-1,0,0,0,-1,0,0,0,0,0,0,0,0,0,0,0,0,0,0,0,0
324,16/03/2022,0,0,0,0,0,0,0,0,1,0,0,0,0,1,0,0,0,0,-1,0,-1,0,0,0,0,0,0,0
325,17/03/2022,0,0,0,0,0,0,0,0,1,0,0,0,0,1,0,0,0,0,-1,0,0,0,0,0,0,0,0,0
326,18/03/2022,0,0,1,0,0,0,0,-1,1,-1,0,0,0,1,0,0,0,0,-1,-1,-1,0,0,0,0,0,0,0
327,21/03/2022,0,0,0,0,0,0,0,0,1,0,0,0,0,1,0,0,0,0,-1,0,-1,0,0,0,0,0,0,0
328,22/03/2022,0,0,0,0,0,0,0,0,1,0,0,0,0,0,0,0,0,0,-1,0,0,0,0,0,0,0,0,0
329,23/03/2022,0,0,1,0,0,0,0,0,0,0,0,0,0,0,0,0,0,0,0,0,0,0,0,0,0,0,0,0
330,24/03/2022,0,0,0,0,0,0,0,0,0,0,0,0,0,0,0,0,0,0,0,0,0,0,0,0,0,0,0,0
331,25/03/2022,0,0,0,0,0,0,0,0,0,0,0,0,0,0,0,0,0,0,0,0,0,0,0,0,0,0,0,0
332,28/03/2022,0,0,0,0,0,0,0,0,0,0,0,0,0,0,0,0,0,0,0,0,0,0,0,0,0,0,0,0
333,29/03/2022,0,0,0,0,0,0,-1,0,0,0,-1,-1,-1,0,0,-1,0,-1,0,0,0,0,0,0,0,0,0,0
334,30/03/2022,0,0,0,0,-1,0,0,0,0,0,-1,-1,0,0,0,-1,0,0,0,0,0,0,-1,0,0,0,0,0
335,31/03/2022,0,0,0,0,0,0,0,0,0,0,0,0,0,0,0,-1,-1,0,0,0,0,0,0,-1,0,0,0,0
336,1/04/2022,-1,0,0,-1,-1,-1,-1,0,0,0,0,-1,0,0,0,-1,-1,-1,0,0,0,0,0,-1,0,0,0,0
337,4/04/2022,0,0,0,-1,-1,-1,0,0,0,-1,-1,-1,0,0,-1,-1,-1,0,0,0,0,0,-1,0,0,1,0,0
338,5/04/2022,0,-1,0,-1,-1,-1,0,0,0,-1,-1,-1,0,0,0,-1,-1,0,0,-1,-1,0,-1,-1,0,0,0,0
339,6/04/2022,-1,-1,0,-1,-1,-1,-1,0,0,-1,-1,-1,-1,0,0,-1,-1,-1,-1,-1,-1,-1,-1,-1,-1,0,0,0
340,7/04/2022,0,0,0,0,0,-1,0,0,0,0,0,-1,0,0,0,0,-1,0,0,0,-1,0,0,-1,0,0,0,0
341,8/04/2022,-1,-1,0,-1,-1,-1,0,0,0,0,-1,-1,0,0,0,-1,0,0,0,-1,-1,0,-1,-1,0,1,1,0
342,11/04/2022,0,0,0,0,-1,0,0,0,0,0,-1,-1,0,0,0,-1,-1,0,0,-1,-1,0,-1,-1,0,1,1,1
343,12/04/2022,0,0,0,0,-1,0,0,0,0,0,-1,0,0,0,0,-1,-1,0,0,-1,-1,0,-1,-1,0,1,1,1
344,13/04/2022,-1,-1,0,0,-1,-1,0,0,0,0,-1,0,0,0,0,-1,0,0,0,0,0,0,-1,0,0,1,0,0
345,14/04/2022,0,-1,0,0,-1,0,0,0,0,0,-1,0,0,0,0,0,0,0,0,0,0,0,-1,0,0,1,1,0
346,18/04/2022,-1,-1,0,0,0,0,0,0,0,0,0,0,0,0,0,0,0,0,0,0,0,0,0,0,0,0,0,0
347,19/04/2022,0,-1,0,-1,-1,0,-1,0,0,0,-1,0,-1,0,0,-1,0,-1,0,0,0,0,-1,0,-1,1,0,0
348,20/04/2022,-1,-1,-1,-1,-1,-1,-1,0,0,-1,-1,-1,-1,0,0,-1,0,-1,0,0,0,0,-1,0,-1,1,0,0
349,21/04/2022,-1,-1,-1,-1,-1,-1,0,0,0,-1,0,-1,0,0,-1,0,0,0,0,0,0,0,0,0,0,0,0,0
350,22/04/2022,-1,-1,0,0,0,0,0,0,0,0,0,0,0,0,0,0,0,0,0,0,0,0,0,0,0,0,0,1
351,25/04/2022,-1,-1,-1,0,0,0,0,-1,0,0,0,0,0,0,0,0,0,0,0,0,0,0,0,0,0,0,0,1
352,26/04/2022,0,-1,-1,0,0,0,0,-1,0,0,0,0,0,0,0,0,0,0,0,0,0,0,0,0,0,0,0,1
353,27/04/2022,0,-1,0,0,0,0,0,-1,0,0,0,0,0,1,1,0,0,0,0,0,0,0,0,0,0,0,0,1
354,28/04/2022,0,-1,0,0,0,0,0,-1,0,0,0,0,0,1,0,0,0,0,-1,0,0,0,0,0,0,0,0,0
355,29/04/2022,0,-1,0,-1,0,0,0,-1,0,-1,0,0,1,1,0,0,0,1,-1,0,0,1,0,0,1,0,0,1
356,2/05/2022,-1,-1,0,0,0,0,0,-1,0,0,0,0,0,1,1,0,0,1,0,0,0,0,0,0,0,0,0,0
357,3/05/2022,0,-1,0,0,0,0,0,-1,0,0,0,0,0,0,1,0,0,0,0,0,0,0,0,0,0,0,0,0
358,4/05/2022,0,0,0,0,0,0,0,-1,0,-1,0,0,0,0,0,0,0,0,0,0,0,0,0,0,0,0,0,0
359,5/05/2022,0,0,0,0,0,0,0,-1,-1,-1,0,0,0,0,1,0,1,1,0,0,0,1,0,0,1,0,0,0
360,6/05/2022,0,0,0,0,0,0,0,-1,-1,-1,0,0,0,0,0,0,0,0,0,0,0,0,0,0,0,0,0,0
361,9/05/2022,0,0,0,0,0,0,0,0,-1,0,0,0,0,0,0,0,0,0,1,0,1,0,0,0,0,0,0,0
362,10/05/2022,0,0,-1,0,0,0,0,0,-1,0,0,0,0,-1,0,0,0,0,1,0,1,1,0,0,0,0,0,0
363,11/05/2022,0,0,-1,0,0,0,0,0,-1,0,0,0,0,-1,0,0,0,0,1,0,1,1,0,0,0,0,0,0
364,12/05/2022,0,0,0,0,0,0,0,0,-1,0,0,0,0,-1,0,0,0,0,1,0,1,0,0,0,0,0,0,0
365,13/05/2022,0,0,0,0,0,0,0,0,0,0,0,0,0,0,0,0,0,0,1,0,0,0,0,0,0,0,0,0
366,16/05/2022,0,0,0,0,0,0,0,0,0,0,0,0,0,0,1,0,0,0,1,0,1,0,0,0,0,0,0,0
367,17/05/2022,0,0,0,0,0,0,0,0,0,0,0,0,0,0,0,0,0,0,1,0,0,0,0,0,0,0,0,0
368,18/05/2022,0,0,0,0,0,0,0,0,0,0,0,0,0,0,1,0,0,0,0,0,0,0,0,0,0,0,0,0
369,19/05/2022,0,0,0,0,0,0,0,0,0,1,0,0,0,0,1,0,0,0,0,0,0,0,0,0,0,0,0,0
370,20/05/2022,0,0,0,0,0,0,0,0,0,0,0,0,0,0,1,0,0,0,0,0,0,0,0,0,0,0,0,0
371,23/05/2022,0,0,0,0,0,0,0,0,0,0,0,0,0,0,1,0,0,0,0,0,0,0,0,0,0,0,0,0
372,24/05/2022,0,0,0,0,0,0,1,0,0,0,0,0,0,0,0,0,0,0,0,0,0,0,0,0,0,0,0,0
373,25/05/2022,0,0,0,0,0,0,0,0,0,0,0,0,0,0,0,0,0,0,0,0,0,0,0,0,0,0,0,0
374,26/05/2022,0,0,0,0,0,0,0,0,0,0,0,0,0,0,0,0,0,0,0,0,0,0,0,0,0,0,0,0
375,27/05/2022,0,0,0,0,0,0,0,0,0,0,0,0,0,0,0,0,0,0,0,0,0,0,0,0,0,0,0,0
376,31/05/2022,0,0,0,0,0,0,0,0,0,0,0,0,1,0,0,0,0,0,0,0,0,0,0,0,0,0,0,0
377,1/06/2022,0,0,0,0,0,0,0,0,0,0,0,0,0,0,0,0,0,0,0,0,0,0,0,0,0,0,0,0
378,2/06/2022,0,0,0,0,0,0,0,0,0,0,0,0,0,0,0,0,0,0,0,0,0,0,0,0,0,0,0,0
379,3/06/2022,0,0,0,0,0,0,0,0,0,0,0,0,0,0,0,0,0,0,0,0,0,0,0,0,0,0,0,0
380,6/06/2022,0,0,0,0,0,0,0,0,0,0,0,0,0,0,0,0,0,0,0,0,0,0,0,0,0,0,0,0
381,7/06/2022,0,0,0,0,0,0,0,0,0,0,0,0,0,0,0,0,0,0,0,0,0,0,0,0,0,0,0,0
382,8/06/2022,0,0,0,0,0,0,0,0,0,0,0,0,0,0,0,0,0,0,0,0,0,0,0,0,0,0,0,0
383,9/06/2022,0,0,0,0,0,0,0,0,0,0,0,0,0,0,0,0,0,0,0,0,0,0,0,0,0,0,0,0
384,10/06/2022,0,0,0,0,0,0,0,0,0,0,0,0,0,0,0,0,0,0,0,0,0,0,0,0,0,0,0,0
385,13/06/2022,0,0,0,0,0,0,0,0,0,0,0,0,0,0,0,0,0,0,0,0,0,0,0,0,0,0,0,0
386,14/06/2022,0,0,0,0,0,0,0,1,0,0,0,0,0,0,0,0,-1,0,0,0,0,0,0,0,0,0,0,0
387,15/06/2022,0,0,0,0,0,0,0,0,0,0,0,0,0,0,0,0,0,-1,0,0,0,0,0,0,0,0,0,0
388,16/06/2022,0,0,0,0,0,0,0,0,0,0,0,0,0,0,0,0,0,0,0,0,0,0,0,0,0,0,0,0
389,17/06/2022,1,0,0,0,0,0,0,0,0,0,0,0,0,0,0,0,0,0,0,0,0,0,0,0,0,0,0,0
390,21/06/2022,1,1,0,0,0,1,0,0,0,0,0,0,0,0,0,0,0,0,0,0,0,0,0,0,0,0,0,0
391,22/06/2022,1,0,1,0,0,0,0,0,0,0,0,0,0,0,0,0,0,0,-1,0,0,0,0,0,0,0,0,0
392,23/06/2022,1,1,1,0,0,0,0,0,0,0,0,0,0,0,0,0,-1,0,-1,0,0,0,0,0,0,0,0,0
393,24/06/2022,0,1,1,0,0,0,0,0,0,0,0,0,0,0,0,0,-1,0,-1,0,0,0,0,0,0,0,0,0
394,27/06/2022,0,0,0,0,0,0,0,0,0,0,0,0,0,0,0,0,0,0,0,0,0,0,0,0,0,0,0,0
395,28/06/2022,0,0,0,0,0,0,0,0,0,0,0,0,0,0,0,0,0,0,0,0,0,0,0,0,0,0,0,0
396,29/06/2022,0,0,0,0,0,0,0,0,0,0,0,0,0,0,0,0,0,0,0,0,0,0,0,0,0,0,0,0
397,30/06/2022,0,0,0,0,0,0,0,0,0,0,1,0,0,0,0,0,0,0,0,0,0,0,0,0,0,0,0,0
398,1/07/2022,0,0,0,0,0,0,0,0,0,0,0,0,0,0,0,0,0,0,0,0,0,0,0,0,0,0,0,0
399,5/07/2022,0,0,0,0,0,0,0,0,1,0,0,0,0,0,0,0,0,0,0,0,0,0,0,0,0,0,0,0
400,6/07/2022,0,0,0,0,0,0,0,0,0,0,0,0,0,0,0,0,0,0,0,0,0,0,0,0,1,0,1,0
401,7/07/2022,0,0,0,0,0,0,0,0,0,0,0,0,0,0,0,0,0,0,0,0,0,0,0,0,0,0,0,0
402,8/07/2022,0,0,0,0,0,0,0,0,0,0,0,0,0,0,0,0,0,0,0,0,0,0,0,0,0,0,0,0
403,11/07/2022,0,0,0,0,0,0,0,0,0,0,0,0,0,0,0,0,-1,0,0,0,-1,0,0,0,0,0,0,0
404,12/07/2022,0,0,0,0,0,0,0,0,0,0,0,0,0,0,0,0,-1,0,0,0,0,0,0,0,0,0,0,0
405,13/07/2022,0,0,0,0,0,0,0,0,0,0,0,0,0,0,0,0,0,0,0,0,0,0,0,0,0,0,0,0
406,14/07/2022,0,0,0,0,0,0,0,0,0,0,0,0,0,0,0,0,0,0,0,0,0,0,0,0,1,0,0,0
407,15/07/2022,0,0,0,0,0,0,0,0,0,0,0,-1,0,0,0,0,0,0,0,0,0,0,0,0,0,0,0,0
408,18/07/2022,0,0,0,0,0,0,0,0,0,0,0,0,0,0,0,0,0,0,0,0,0,0,0,0,0,0,1,0
409,19/07/2022,0,0,0,0,0,0,0,0,0,0,-1,0,0,0,0,-1,0,0,0,-1,0,0,0,0,0,0,0,0
410,20/07/2022,0,0,0,0,0,0,0,0,0,0,0,0,0,0,0,-1,0,0,0,-1,0,0,0,0,0,0,0,0
411,21/07/2022,0,0,0,0,0,0,0,0,0,0,0,-1,0,0,0,0,0,0,0,0,0,0,0,0,0,0,0,0
412,22/07/2022,0,0,0,0,0,0,0,0,0,0,0,-1,0,0,0,0,0,0,0,0,0,0,0,0,0,0,0,0
413,25/07/2022,0,0,0,0,0,0,0,0,0,0,0,0,0,0,0,0,0,0,0,0,0,0,0,0,0,0,0,0
414,26/07/2022,0,0,0,0,0,0,0,0,0,0,0,0,0,0,0,0,0,0,0,0,0,0,0,0,0,0,0,0
415,27/07/2022,0,0,0,0,0,0,0,0,0,0,0,0,0,0,0,0,0,0,0,0,0,0,0,0,0,0,0,0
416,28/07/2022,0,0,0,0,0,0,0,0,0,0,-1,-1,0,0,0,0,0,0,0,0,0,0,0,0,0,0,0,0
417,29/07/2022,0,0,0,0,0,0,0,0,0,0,0,0,0,0,0,0,0,0,0,0,0,0,0,0,0,0,0,0
418,1/08/2022,0,0,0,0,0,0,0,0,0,0,0,0,0,0,0,0,0,0,0,0,0,0,-1,0,0,0,0,0
419,2/08/2022,0,0,0,0,0,0,0,0,0,0,0,0,0,0,0,-1,0,0,0,0,0,0,-1,0,0,1,0,0
420,3/08/2022,0,0,-1,0,0,0,0,0,0,0,0,0,0,0,0,-1,0,0,0,0,0,0,-1,0,0,1,0,0
421,4/08/2022,0,0,0,0,0,0,0,0,0,0,0,0,0,0,0,0,0,0,0,0,0,0,-1,0,0,1,0,0
422,5/08/2022,0,0,0,0,0,0,0,-1,0,0,0,0,0,0,0,0,0,0,0,0,0,0,0,0,0,0,0,0
423,8/08/2022,0,0,0,0,0,0,0,0,0,0,0,0,0,0,0,0,0,0,0,0,0,0,-1,0,0,0,0,0
424,9/08/2022,0,0,0,0,0,0,0,0,0,0,0,0,0,0,0,0,0,0,0,0,0,0,0,0,0,0,0,0
425,10/08/2022,0,0,0,0,0,0,-1,0,0,0,0,0,-1,0,0,0,0,-1,0,0,0,-1,0,0,-1,0,0,0
426,11/08/2022,0,0,0,0,0,0,0,-1,-1,0,0,0,0,0,0,0,0,0,0,0,0,0,0,0,0,0,0,0
427,12/08/2022,0,0,0,0,0,0,-1,0,0,0,0,0,-1,0,0,0,0,-1,0,0,0,-1,0,0,-1,0,0,-1
428,15/08/2022,0,0,0,0,0,0,0,0,0,0,0,0,0,0,0,0,0,0,0,0,0,0,0,0,0,0,0,0
429,16/08/2022,0,0,0,0,0,0,0,0,0,0,0,0,0,0,0,0,0,0,0,0,0,0,0,0,0,0,0,-1
430,17/08/2022,0,0,0,0,0,0,0,0,0,0,0,0,0,0,0,0,0,0,0,0,0,0,0,0,0,0,0,0
431,18/08/2022,0,0,0,0,0,0,0,0,0,0,0,0,0,0,0,0,0,0,0,0,0,0,0,0,0,0,0,0
432,19/08/2022,0,0,0,0,0,0,0,0,-1,0,0,0,0,0,0,0,0,0,0,0,0,0,0,0,0,0,0,0
433,22/08/2022,0,0,0,0,0,0,0,0,0,0,0,0,0,0,0,0,0,0,0,0,0,0,0,0,0,0,0,0
434,23/08/2022,1,0,0,0,0,0,0,0,0,0,0,0,0,0,0,0,0,0,0,0,0,0,0,0,0,0,0,0
435,24/08/2022,0,0,0,0,0,0,0,0,0,0,0,0,0,0,0,0,0,0,0,0,0,0,0,0,0,0,0,0
436,25/08/2022,0,0,0,0,0,-1,0,0,0,0,0,0,0,0,0,0,0,0,0,0,0,0,0,0,0,0,0,0
437,26/08/2022,0,0,0,0,0,0,0,0,0,0,0,0,0,0,0,0,0,0,0,0,0,0,0,0,0,0,1,0
438,29/08/2022,0,0,0,0,0,0,0,0,0,0,0,0,0,-1,0,-1,0,0,0,0,0,0,0,0,0,0,0,0
439,30/08/2022,0,0,0,0,0,0,0,0,0,0,0,0,0,0,0,0,0,0,0,0,0,0,0,0,0,0,1,0
440,31/08/2022,1,1,0,0,0,0,0,0,0,0,0,0,0,-1,0,-1,-1,0,0,0,0,0,0,0,0,0,0,0
441,1/09/2022,0,1,0,0,0,0,0,0,0,0,0,0,0,-1,0,-1,-1,0,0,0,0,0,0,0,0,0,0,0
442,2/09/2022,1,1,0,0,0,0,0,0,0,0,0,0,0,-1,0,0,-1,0,0,0,0,0,0,0,0,0,0,0
443,6/09/2022,0,0,0,1,0,0,0,0,0,0,0,0,0,0,0,0,0,0,0,0,0,0,0,-1,0,0,0,0
444,7/09/2022,0,0,0,0,0,0,0,0,0,1,0,0,0,0,0,0,0,-1,0,0,0,0,0,-1,-1,0,0,0
445,8/09/2022,0,0,0,0,0,0,0,0,0,0,0,0,0,0,0,0,-1,0,0,0,0,0,0,-1,0,0,0,0
446,9/09/2022,0,0,0,0,0,0,0,0,0,0,0,0,-1,0,0,0,0,0,0,0,0,0,0,0,0,0,0,0
447,12/09/2022,0,0,-1,0,0,0,0,0,0,0,0,0,0,0,0,0,0,0,0,0,0,0,0,0,0,0,0,0
448,13/09/2022,0,0,0,1,-1,0,0,0,-1,0,-1,0,0,0,1,-1,0,0,1,-1,0,0,-1,0,0,1,0,0
449,14/09/2022,0,0,-1,1,-1,0,0,0,0,0,-1,0,0,0,1,-1,0,0,1,0,1,0,-1,0,0,1,0,0
450,15/09/2022,1,0,-1,1,0,1,0,0,-1,1,0,0,0,-1,1,0,0,0,1,0,1,0,-1,0,0,1,0,0
451,16/09/2022,1,1,0,1,1,1,0,0,-1,1,0,1,0,-1,1,0,1,0,1,1,1,0,0,0,0,0,0,-1
452,19/09/2022,1,1,-1,1,1,1,0,0,-1,0,0,1,0,-1,0,0,1,0,1,1,1,0,0,0,0,1,0,0
453,20/09/2022,1,1,0,1,1,1,0,0,-1,0,0,0,0,-1,0,0,1,0,1,1,1,0,0,0,0,0,0,0
454,21/09/2022,1,0,-1,0,1,1,0,0,-1,0,0,0,0,-1,0,0,0,0,1,1,1,0,0,0,0,0,0,0
455,22/09/2022,1,0,-1,0,1,0,0,0,-1,0,0,0,0,0,0,0,0,0,0,1,0,0,0,0,0,0,0,0
456,23/09/2022,1,0,0,0,0,0,0,-1,-1,0,0,0,0,0,0,0,0,0,0,0,0,0,0,0,0,0,0,0
457,26/09/2022,0,0,0,0,0,0,0,0,0,0,0,0,0,0,0,0,0,0,0,0,0,0,0,0,0,0,0,0
458,27/09/2022,0,1,0,0,0,1,0,0,0,0,0,0,0,0,0,0,0,0,0,0,0,0,0,1,0,1,0,0
459,28/09/2022,1,1,0,0,1,1,0,0,0,0,0,1,0,0,0,0,0,0,0,0,0,0,0,1,0,0,0,0
460,29/09/2022,1,1,1,0,1,1,0,0,0,0,0,0,0,0,0,0,0,0,0,0,0,0,0,1,0,0,0,0
461,30/09/2022,0,1,0,0,1,0,0,0,0,0,0,0,0,0,0,0,0,0,0,0,0,0,0,0,0,0,0,0
462,3/10/2022,0,0,0,0,0,0,0,0,0,0,0,0,0,0,0,0,0,-1,0,0,0,0,0,0,0,0,-1,-1
463,4/10/2022,0,0,0,0,0,0,0,0,0,0,0,0,0,0,0,0,0,0,0,0,0,0,0,0,0,0,0,0
464,5/10/2022,0,0,0,0,0,0,0,0,0,0,0,0,0,0,0,0,0,0,0,0,0,0,0,0,0,0,0,0
465,6/10/2022,0,0,0,0,0,0,0,0,0,0,0,0,0,0,0,0,0,0,0,0,0,0,0,0,0,0,0,0
466,7/10/2022,0,0,0,0,0,0,0,0,0,0,0,0,0,0,0,0,0,0,0,0,0,0,0,0,0,0,0,0
467,10/10/2022,0,0,0,0,0,0,0,0,0,0,0,0,0,0,0,0,0,0,0,0,0,0,0,0,0,0,0,0
468,11/10/2022,0,0,0,0,0,0,0,0,0,0,0,0,0,0,0,0,0,0,0,0,0,0,0,0,0,0,0,0
469,12/10/2022,0,0,0,0,0,0,0,0,0,0,0,0,0,0,0,0,0,0,0,0,0,0,0,0,0,0,0,0
470,13/10/2022,0,0,0,0,0,0,0,0,0,0,0,0,0,0,0,0,0,0,0,0,0,0,1,0,0,0,-1,0
471,14/10/2022,0,0,0,0,0,0,0,0,0,0,0,0,0,0,0,0,0,0,0,0,0,0,0,0,0,0,0,0
472,17/10/2022,0,0,0,0,0,0,0,0,0,0,0,0,0,0,0,0,0,0,0,0,0,0,0,0,0,0,0,0
473,18/10/2022,0,0,0,0,0,0,0,0,0,0,0,0,0,0,0,0,0,0,0,0,0,0,0,0,0,0,0,0
474,19/10/2022,0,0,0,0,0,0,0,0,0,0,0,0,0,0,0,0,0,0,0,0,0,0,0,0,0,0,0,0
475,20/10/2022,0,0,1,0,0,0,0,0,0,0,0,0,0,0,0,0,0,0,0,0,0,0,0,0,0,0,0,0
476,21/10/2022,0,1,1,0,0,0,0,0,0,0,0,0,0,0,0,0,0,0,0,0,0,0,0,0,0,0,0,0
477,24/10/2022,0,0,1,0,0,0,0,0,0,0,0,0,0,0,0,0,0,0,0,0,0,0,0,0,0,0,0,0
478,25/10/2022,0,0,0,0,0,0,0,1,0,0,0,0,0,0,0,0,0,0,0,0,0,0,0,0,0,0,0,0
479,26/10/2022,0,0,0,0,0,0,0,0,1,0,0,0,0,0,0,0,0,0,-1,0,0,0,0,0,0,0,0,0
480,27/10/2022,0,0,0,0,0,0,0,0,1,0,0,1,0,0,0,0,0,0,-1,0,0,0,0,0,0,0,0,0
481,28/10/2022,0,0,0,0,0,0,0,0,0,0,0,1,0,0,0,0,1,0,-1,0,1,-1,0,1,0,1,0,-1
482,31/10/2022,0,0,0,0,0,0,0,0,0,0,0,1,0,0,-1,0,0,0,0,0,1,0,0,1,0,1,0,0
483,1/11/2022,0,0,0,0,0,0,0,0,0,-1,0,1,0,-1,-1,0,1,0,0,0,1,0,0,1,0,0,0,0
484,2/11/2022,0,0,0,0,0,0,0,0,0,0,0,1,0,0,0,0,1,0,0,0,1,0,0,1,0,1,0,0
485,3/11/2022,0,0,0,0,1,0,0,0,0,0,1,1,0,0,0,1,1,0,0,1,1,0,1,1,0,0,-1,0
486,4/11/2022,0,0,0,0,1,0,0,1,0,0,1,1,0,0,0,0,0,0,0,1,1,0,1,1,0,0,-1,0
487,7/11/2022,0,0,0,0,1,1,0,0,0,0,1,0,0,0,0,1,0,0,0,1,0,0,1,0,0,0,-1,0
488,8/11/2022,0,0,0,0,0,0,0,0,0,0,0,0,0,0,0,0,0,0,0,0,0,0,0,0,0,0,0,0
489,9/11/2022,0,0,0,0,0,0,0,0,0,0,0,0,0,0,0,0,0,0,0,0,0,0,0,0,0,0,0,0
490,10/11/2022,0,0,0,0,0,0,-1,0,0,0,0,0,-1,0,0,0,0,-1,0,0,0,-1,0,0,-1,0,-1,-1
491,11/11/2022,0,0,0,0,0,0,0,0,0,0,0,0,0,0,0,0,0,0,0,0,0,0,0,0,0,0,0,0
492,14/11/2022,1,0,0,1,0,0,0,0,0,0,0,0,0,0,0,0,0,0,0,0,0,0,0,0,0,0,0,0
493,15/11/2022,1,0,0,0,0,0,0,0,0,0,0,0,0,0,0,0,0,0,0,0,0,0,0,0,0,0,0,0
494,16/11/2022,0,0,0,0,0,0,0,0,0,0,0,0,0,0,0,0,0,0,0,0,0,0,0,0,0,0,0,0
495,17/11/2022,0,0,0,0,0,0,0,0,0,0,0,0,0,0,0,0,0,0,0,0,0,0,0,0,0,0,0,0
496,18/11/2022,0,0,0,0,0,0,0,0,0,0,0,0,0,0,0,0,0,0,0,0,0,0,0,0,0,0,0,0
497,21/11/2022,0,0,0,0,0,0,0,-1,0,0,0,0,0,1,1,0,0,0,0,0,0,0,0,0,0,0,0,0
498,22/11/2022,0,0,0,0,0,0,0,0,0,0,0,0,0,0,1,0,0,0,0,0,0,0,0,0,0,0,0,0
499,23/11/2022,0,0,0,0,0,0,0,0,0,0,0,0,0,0,1,0,0,0,0,0,0,0,0,0,0,0,0,0
500,25/11/2022,0,0,0,0,0,0,0,0,0,0,0,0,0,0,1,0,0,0,0,0,0,0,0,0,0,0,0,0
501,28/11/2022,0,0,0,1,0,0,1,0,0,1,0,0,1,0,1,0,0,1,0,0,0,1,0,0,1,0,0,1
502,29/11/2022,0,0,0,0,0,0,0,0,0,0,0,0,0,1,1,0,0,1,0,0,0,0,0,0,0,0,0,0
503,30/11/2022,0,0,0,0,0,0,0,0,0,0,0,0,0,1,1,1,0,0,0,0,0,0,0,0,0,0,0,0
504,1/12/2022,0,0,0,0,0,0,0,0,0,1,0,0,0,1,1,0,0,0,0,0,0,0,0,0,0,0,0,0
505,2/12/2022,0,0,0,0,0,0,0,0,0,0,0,0,0,0,0,0,0,0,0,0,0,0,0,0,0,0,0,0
506,5/12/2022,0,0,0,0,0,0,0,0,0,0,0,0,0,0,0,0,0,0,0,0,0,0,0,0,0,0,0,0
507,6/12/2022,0,0,0,0,0,0,0,0,0,1,0,0,0,0,0,0,0,0,0,0,0,0,0,0,0,0,0,0
508,7/12/2022,0,0,0,0,0,0,0,0,1,0,0,0,0,0,0,0,0,0,0,0,0,0,0,0,0,0,0,0
509,8/12/2022,0,0,0,0,0,0,0,0,1,0,0,1,0,0,0,0,0,0,-1,0,0,0,0,0,0,0,0,0
510,9/12/2022,0,0,0,0,0,0,0,0,0,0,0,1,0,0,0,0,0,0,-1,0,0,0,0,0,0,0,0,0
511,12/12/2022,0,0,0,0,0,0,0,0,1,0,0,1,0,0,0,0,1,0,0,0,0,0,0,0,0,0,0,0
512,13/12/2022,0,-1,0,0,0,0,0,0,1,0,0,1,0,0,0,0,1,0,-1,0,0,0,0,0,0,0,0,0
513,14/12/2022,0,-1,0,0,0,0,0,0,1,0,0,1,0,1,0,0,1,0,-1,0,0,0,0,0,0,0,0,0
514,15/12/2022,0,-1,0,0,0,0,0,0,0,0,0,1,0,0,0,0,1,0,-1,0,0,0,0,0,0,0,0,0
515,16/12/2022,0,-1,0,0,0,0,0,0,0,0,0,0,0,0,0,0,1,0,0,0,0,0,0,0,0,0,0,0
516,19/12/2022,0,0,0,0,0,0,0,0,0,0,0,0,0,0,0,0,0,0,0,0,0,0,0,0,0,0,0,0
517,20/12/2022,0,0,0,0,0,0,0,0,0,0,0,0,0,0,0,0,0,0,0,0,0,0,0,0,0,0,0,0
518,21/12/2022,0,0,0,0,0,0,0,0,0,0,0,0,0,0,0,0,0,0,0,0,0,0,0,0,0,0,0,0
519,22/12/2022,0,0,0,0,0,0,0,-1,0,0,0,0,0,0,0,0,0,0,0,0,0,0,0,0,0,0,0,0
520,23/12/2022,0,0,0,0,0,0,0,-1,0,0,0,0,0,0,0,0,0,0,0,0,0,0,0,0,0,0,0,0
521,27/12/2022,0,0,0,0,0,0,0,-1,0,0,0,0,0,0,0,0,0,0,0,0,1,0,0,0,0,0,0,0
522,28/12/2022,0,0,0,0,0,0,0,0,0,0,0,0,0,0,0,0,0,0,0,0,0,0,0,0,0,0,0,0
523,29/12/2022,0,0,0,0,0,0,0,0,0,0,0,0,0,0,0,0,0,0,0,0,0,0,0,0,0,0,0,0
524,30/12/2022,0,0,0,0,0,0,0,0,0,0,0,0,0,0,0,0,0,0,0,0,0,0,0,0,0,0,0,0
525,3/01/2023,0,0,0,0,0,0,0,0,0,0,0,0,0,0,0,0,0,0,0,0,0,0,0,0,0,0,0,0
526,4/01/2023,0,0,0,-1,0,0,0,0,0,0,0,0,0,0,0,0,0,0,0,0,0,0,0,0,0,0,0,0
527,5/01/2023,0,0,0,0,0,0,0,0,0,0,0,0,0,0,0,0,0,0,0,0,0,0,0,0,0,0,0,0
528,6/01/2023,0,-1,0,0,0,0,0,0,0,0,0,0,0,0,0,0,0,0,0,0,0,0,0,0,0,0,0,0
529,9/01/2023,0,0,0,0,0,0,0,0,0,-1,0,0,0,0,0,1,0,0,0,0,0,0,1,0,0,0,0,0
530,10/01/2023,0,0,0,0,0,0,0,0,0,0,0,0,0,0,0,0,0,0,0,0,0,0,1,0,0,0,0,0
531,11/01/2023,0,0,0,-1,0,0,0,0,0,-1,0,0,0,0,0,1,0,0,0,1,0,0,1,0,0,0,-1,0
532,12/01/2023,0,0,0,-1,0,0,0,0,0,-1,0,0,0,0,-1,1,0,0,0,1,0,0,1,1,0,0,-1,0
533,13/01/2023,0,0,0,0,0,0,0,0,-1,-1,0,-1,0,0,-1,0,0,0,0,1,0,0,1,0,0,-1,0,0
534,17/01/2023,1,0,0,0,0,0,0,0,-1,-1,0,-1,0,0,0,0,0,0,0,0,0,0,0,0,1,0,0,0
535,18/01/2023,0,0,0,0,0,-1,0,0,0,0,0,-1,0,0,-1,0,0,0,0,0,0,0,0,0,0,0,0,0
536,19/01/2023,0,0,-1,0,0,-1,0,0,-1,0,0,-1,0,-1,-1,0,-1,0,0,0,0,0,0,0,0,0,0,0
537,20/01/2023,0,0,0,0,0,-1,0,0,0,0,0,-1,0,-1,-1,0,-1,0,0,0,0,0,0,0,0,-1,0,0
538,23/01/2023,-1,0,0,0,0,-1,-1,0,0,0,0,0,0,0,-1,0,-1,-1,0,0,-1,0,0,0,0,0,0,0
539,24/01/2023,-1,0,0,-1,0,-1,0,0,0,0,0,0,0,0,0,0,-1,0,0,0,-1,0,0,0,0,0,0,0
540,25/01/2023,-1,0,0,0,0,0,0,0,0,0,0,0,0,0,0,0,0,0,0,0,0,0,0,0,0,0,0,0
541,26/01/2023,-1,0,0,0,0,0,0,0,0,0,0,0,0,0,0,0,0,0,-1,0,-1,0,0,0,0,0,0,0
542,27/01/2023,-1,-1,0,-1,-1,-1,0,0,0,0,0,0,0,0,0,0,0,0,-1,0,-1,0,0,0,0,0,0,0
543,30/01/2023,-1,0,0,0,-1,0,0,0,0,0,0,0,0,0,0,0,0,0,-1,0,-1,0,0,0,1,0,0,1
544,31/01/2023,-1,-1,0,0,0,0,0,0,0,0,0,0,0,0,0,0,0,0,0,0,0,0,0,0,0,0,0,0
545,1/02/2023,-1,-1,0,0,-1,-1,0,0,0,0,0,0,0,0,0,0,0,0,0,0,0,0,0,0,0,0,0,0
546,2/02/2023,-1,-1,0,-1,-1,0,-1,0,0,0,0,0,0,0,0,0,0,0,-1,0,0,0,0,0,0,0,0,0
547,3/02/2023,-1,-1,0,-1,0,0,0,0,0,0,0,0,1,0,0,0,0,1,0,0,0,1,0,0,1,0,0,1
548,6/02/2023,0,0,0,0,0,0,0,0,0,0,0,0,0,0,0,0,0,0,0,0,0,0,0,0,0,0,0,0
549,7/02/2023,0,0,0,0,0,0,0,0,0,0,0,0,0,0,0,0,0,0,0,0,0,0,0,0,0,0,0,0
550,8/02/2023,0,0,0,0,0,0,0,0,0,0,0,0,0,0,0,0,0,0,0,0,0,0,0,0,0,0,0,0
551,9/02/2023,0,0,0,0,0,0,0,0,0,0,0,-1,0,0,0,0,0,0,0,0,0,0,0,-1,0,0,0,0
552,10/02/2023,0,0,0,0,0,0,0,0,0,0,0,0,0,0,0,0,0,0,0,0,0,0,0,0,0,0,0,0
553,13/02/2023,0,0,0,0,0,0,0,0,0,0,0,0,0,0,0,0,0,0,0,0,0,0,0,0,0,0,0,0
554,14/02/2023,0,0,0,0,0,0,0,0,0,0,0,0,0,0,0,0,0,0,0,0,0,0,0,0,0,0,0,0
555,15/02/2023,0,0,0,0,0,0,0,0,0,1,0,0,0,0,0,0,0,0,1,0,0,0,-1,-1,0,0,0,0
556,16/02/2023,0,0,0,0,0,0,0,0,0,0,0,0,0,0,0,0,0,0,1,0,0,1,-1,-1,0,0,1,0
557,17/02/2023,0,0,0,0,0,0,0,0,0,0,0,0,0,0,0,0,0,0,1,0,0,0,-1,0,0,0,0,0
558,21/02/2023,0,0,0,0,0,0,0,0,0,0,-1,0,0,0,0,0,0,0,1,0,0,0,-1,0,0,1,0,0
559,22/02/2023,0,0,0,0,0,0,0,0,0,0,-1,0,0,0,0,-1,0,0,0,-1,0,0,-1,0,0,1,1,0
560,23/02/2023,0,0,0,0,0,0,0,0,0,0,-1,-1,0,0,0,-1,0,0,0,-1,0,0,-1,0,0,1,1,0
561,24/02/2023,0,0,0,0,-1,0,1,0,0,0,-1,0,0,0,0,-1,0,0,0,-1,0,1,-1,0,0,1,1,1
562,27/02/2023,0,0,0,0,-1,0,0,0,0,0,-1,0,0,0,0,-1,0,0,0,-1,0,0,-1,0,0,1,1,0
563,28/02/2023,0,0,0,0,0,0,0,0,0,0,0,0,0,0,0,-1,0,0,0,-1,0,0,-1,-1,0,0,1,1
564,1/03/2023,0,0,0,0,0,0,0,0,0,0,0,0,0,0,0,-1,-1,0,0,-1,0,0,-1,-1,0,0,0,0
565,2/03/2023,0,0,0,0,0,0,0,0,0,0,0,0,0,0,0,-1,-1,0,0,-1,-1,0,-1,-1,0,0,0,0
566,3/03/2023,0,0,0,0,0,0,0,0,0,0,0,0,0,0,0,-1,0,0,0,-1,0,0,0,0,-1,0,0,0
567,6/03/2023,0,0,1,0,-1,0,0,0,0,0,-1,0,0,0,0,-1,0,0,0,-1,-1,0,0,0,0,1,0,0
568,7/03/2023,0,0,0,0,0,0,0,0,0,0,0,0,0,0,0,0,-1,0,0,-1,0,0,0,0,0,0,0,0
569,8/03/2023,0,0,0,0,0,0,0,0,0,0,0,0,0,0,0,0,-1,0,0,-1,0,0,0,0,0,0,0,0
570,9/03/2023,0,0,0,0,0,0,0,0,0,0,0,0,0,0,0,0,-1,0,0,0,0,0,0,0,0,0,0,1
571,10/03/2023,1,1,1,0,0,0,1,0,0,0,0,-1,0,0,0,0,0,1,0,0,0,1,0,0,0,0,0,1
572,13/03/2023,0,0,0,0,0,0,0,0,0,0,0,0,0,0,0,0,-1,0,0,0,0,0,0,0,0,0,0,0
573,14/03/2023,0,0,0,0,0,0,0,0,0,0,0,-1,0,-1,0,0,-1,0,0,0,0,0,0,0,0,0,0,0
574,15/03/2023,0,0,0,0,0,0,0,0,0,0,0,0,0,0,0,0,0,0,0,0,0,0,0,0,0,0,0,0
575,16/03/2023,0,0,0,0,0,0,0,0,0,0,0,0,0,0,0,0,0,0,0,0,0,0,0,0,0,0,0,0
576,17/03/2023,0,0,0,0,0,0,0,0,0,0,0,0,0,0,0,0,0,0,0,0,0,0,0,0,0,0,0,0
577,20/03/2023,0,1,0,0,0,0,0,0,0,0,0,0,-1,0,0,0,0,-1,0,0,0,0,0,0,0,0,0,0
578,21/03/2023,1,1,1,0,0,1,0,0,0,0,0,0,0,0,0,0,0,0,0,0,0,0,0,0,0,0,0,0
579,22/03/2023,1,1,1,0,0,1,1,0,0,0,0,0,0,0,0,0,0,0,0,0,0,0,0,0,0,0,0,0
580,23/03/2023,1,1,1,1,0,1,1,0,0,0,0,0,0,0,0,0,0,0,0,0,0,0,0,0,0,0,0,0
581,24/03/2023,1,0,0,0,0,1,0,-1,0,-1,0,0,0,0,0,0,0,0,0,0,0,0,0,0,0,0,0,0
582,27/03/2023,0,0,0,0,0,0,0,-1,0,-1,0,0,0,0,0,0,0,0,0,0,0,0,0,0,0,0,0,0
583,28/03/2023,0,0,0,0,0,0,0,0,-1,-1,0,0,0,0,0,0,0,0,0,0,0,0,0,0,0,0,0,0
584,29/03/2023,0,0,0,0,0,0,0,0,0,0,0,0,0,0,0,0,0,0,0,0,0,0,0,0,0,0,0,0
585,30/03/2023,0,0,0,0,0,0,0,0,0,0,0,0,-1,0,0,0,0,0,0,0,0,-1,0,0,0,0,0,0
586,31/03/2023,0,0,0,0,0,0,0,0,0,0,0,0,-1,0,0,0,0,-1,0,0,0,-1,0,0,-1,0,0,0
587,3/04/2023,0,0,0,0,0,0,0,0,0,0,0,0,0,0,0,0,0,0,0,0,0,0,0,0,0,0,0,0
588,4/04/2023,0,0,0,0,0,0,0,0,0,0,0,0,0,0,0,0,0,0,-1,0,0,0,0,0,0,0,0,0
589,5/04/2023,0,0,0,0,0,0,0,0,0,0,0,0,0,0,0,0,0,0,0,0,0,0,0,0,0,0,0,0
590,6/04/2023,0,0,0,0,0,0,0,0,0,0,0,0,0,0,-1,0,0,0,0,0,0,0,0,0,0,0,0,0
591,10/04/2023,0,0,0,0,0,0,0,0,0,0,0,0,0,0,-1,-1,0,0,0,-1,0,0,0,0,0,0,0,0
592,11/04/2023,0,0,0,0,0,0,0,0,0,0,0,-1,0,0,0,-1,-1,0,0,-1,0,0,-1,0,0,0,0,0
593,12/04/2023,0,0,1,0,0,0,0,0,0,0,0,0,0,0,-1,0,0,0,-1,0,0,0,0,0,0,0,0,0
594,13/04/2023,1,1,1,1,1,0,1,0,0,0,0,0,0,0,0,0,0,0,-1,0,0,0,0,0,0,0,0,0
595,14/04/2023,1,1,1,1,1,1,1,0,0,0,0,0,0,0,0,0,0,0,0,0,0,0,0,0,0,0,0,0
596,17/04/2023,0,1,1,1,0,1,1,0,0,0,0,0,0,0,0,0,0,0,0,-1,0,0,-1,0,0,1,0,0
597,18/04/2023,0,1,1,0,0,0,0,0,1,0,0,0,0,0,0,-1,0,0,-1,-1,0,0,-1,0,0,1,0,0
598,19/04/2023,0,1,0,0,0,0,0,1,1,0,0,0,0,0,-1,-1,0,0,-1,-1,0,0,-1,0,0,1,0,0
599,20/04/2023,0,0,0,0,0,0,0,1,0,0,0,1,0,0,0,-1,0,0,0,0,0,0,-1,0,0,1,0,0
600,21/04/2023,0,0,0,0,0,0,0,1,0,0,0,1,0,0,0,-1,0,0,0,0,0,0,-1,0,0,1,0,0
601,24/04/2023,0,0,0,0,0,0,0,1,0,0,0,1,0,0,0,0,0,0,0,0,0,0,0,0,0,1,0,0
602,25/04/2023,0,0,0,0,0,0,0,0,0,0,0,1,0,0,0,-1,0,0,0,0,0,0,-1,0,0,1,1,0
603,26/04/2023,0,0,0,0,0,0,1,1,0,0,0,1,1,0,0,-1,0,0,0,0,0,0,-1,0,0,1,1,0
604,27/04/2023,0,0,0,0,0,0,0,0,0,0,0,1,0,0,0,0,0,0,0,0,0,0,-1,1,0,1,0,0
605,28/04/2023,0,0,0,0,0,0,0,0,1,1,0,0,0,0,0,0,0,0,0,-1,0,0,-1,0,0,0,0,0
